{
	"name": "GaseousTritium",//名字
	"description": "The Fuel of the FusionReactor",//介绍
	"temperature":0.2 ,//温度
    "viscosity":0.0 ,//粘度,影响速度水0.5石油1
    "flammability":0.0 ,//可燃性
    "explosiveness": 0.0,//爆炸性
    "heatCapacity":0.2 ,//比热容默认0.5
    "effect": "none",//接触这液体获得状态
    "color": "62E514",//颜色查看rgb表,使用时如这样#000000那只要000000,每两位分别代表R G B.
    "barColor":"62E514"
}

