{
    "name": "GaseousDeuterium", //名字
    "description": "Donot mind the state of the matter and it is flammable and explosive", //介绍
    "temperature": 0.3, //温度
    "viscosity": 0.5, //粘度,影响速度水0.5石油1
    "flammability": 0.7, //可燃性
    "explosiveness": 0.8, //爆炸性
    "heatCapacity": 0.5, //比热容默认0.5
    "effect": "corroded", //接触这液体获得状态
    "color": "E7503B", //颜色查看rgb表,使用时如这样#000000那只要000000,每两位分别代表R G B.
    "barColor": "E7503B"
}