{
    "name": "LiquidLithium", //名字
    "description": "Obtained by saline", //介绍
    "temperature": 0.5, //温度
    "viscosity": 0.3, //粘度,影响速度水0.5石油1
    "flammability": 0.6, //可燃性
    "explosiveness": 0.5, //爆炸性
    "heatCapacity": 0.3, //比热容默认0.5
    "effect": "burning", //接触这液体获得状态
    "color": "FFFE03", //颜色查看rgb表,使用时如这样#000000那只要000000,每两位分别代表R G B.
    "barColor": "FFFE03"
}