{
    "name": "Saline", //名字
    "description": "Get it by distilling water", //介绍
    "temperature": 0.5, //温度
    "viscosity": 0.4, //粘度,影响速度水0.5石油1
    "flammability": 0.0, //可燃性
    "explosiveness": 0.0, //爆炸性
    "heatCapacity": 0.6, //比热容默认0.5
    "effect": "none", //接触这液体获得状态
    "color": "E2D02B", //颜色查看rgb表,使用时如这样#000000那只要000000,每两位分别代表R G B.
    "barColor": "E2D02B"
}